id,数学得点,数学得点,理科得点,理科得点,英語得点,英語得点,国語得点,国語得点,社会得点,社会得点
cluster 1,82.9,17.38741563,83.1,18.78799853,83.2,7.685484153,83.3,7.775317071,83.1,8.875058685
cluster 2,88.9,9.503800409,89.3,8.769264507,43.1,11.3083057,39.1,9.64307466,49.1,18.71095936
cluster 3,93.4,4.03319559,36.7,8.028421735,75.1,28.33705858,75.4,26.20093298,31,9.213516641
